username,repo_name,stars,repo_url
jwasham,coding-interview-university,205000,https://github.com/jwasham/coding-interview-university
CyC2018,CS-Notes,145000,https://github.com/CyC2018/CS-Notes
trekhleb,javascript-algorithms,134000,https://github.com/trekhleb/javascript-algorithms
TheAlgorithms,Python,128000,https://github.com/TheAlgorithms/Python
yangshun,tech-interview-handbook,65099,https://github.com/yangshun/tech-interview-handbook
kdn251,interviews,55900,https://github.com/kdn251/interviews
azl397985856,leetcode,46300,https://github.com/azl397985856/leetcode
TheAlgorithms,Java,44100,https://github.com/TheAlgorithms/Java
algorithm-visualizer,algorithm-visualizer,36300,https://github.com/algorithm-visualizer/algorithm-visualizer
crossoverJie,JCSprout,26600,https://github.com/crossoverJie/JCSprout
donnemartin,interactive-coding-challenges,24600,https://github.com/donnemartin/interactive-coding-challenges
halfrost,LeetCode-Go,23100,https://github.com/halfrost/LeetCode-Go
huihut,interview,22100,https://github.com/huihut/interview
youngyangyang04,leetcode-master,21900,https://github.com/youngyangyang04/leetcode-master
keon,algorithms,20300,https://github.com/keon/algorithms
trekhleb,homemade-machine-learning,18800,https://github.com/trekhleb/homemade-machine-learning
TheAlgorithms,C-Plus-Plus,17700,https://github.com/TheAlgorithms/C-Plus-Plus
mxgmn,WaveFunctionCollapse,17300,https://github.com/mxgmn/WaveFunctionCollapse
TheAlgorithms,Javascript,16900,https://github.com/TheAlgorithms/Javascript
AtsushiSakai,PythonRobotics,14300,https://github.com/AtsushiSakai/PythonRobotics
greyireland,algorithm-pattern,13100,https://github.com/greyireland/algorithm-pattern
OpenGenus,cosmos,13000,https://github.com/OpenGenus/cosmos
williamfiset,Algorithms,11900,https://github.com/williamfiset/Algorithms
halfrost,Halfrost-Field,10600,https://github.com/halfrost/Halfrost-Field
apachecn,apachecn-algo-zh,10500,https://github.com/apachecn/apachecn-algo-zh
lnishan,awesome-competitive-programming,9300,https://github.com/lnishan/awesome-competitive-programming
Blankj,awesome-java-leetcode,8300,https://github.com/Blankj/awesome-java-leetcode
jeffgerickson,algorithms,7400,https://github.com/jeffgerickson/algorithms
mgechev,javascript-algorithms,7100,https://github.com/mgechev/javascript-algorithms
LeetCode-OpenSource,vscode-leetcode,7000,https://github.com/LeetCode-OpenSource/vscode-leetcode
