username,repo_name,stars,repo_url
iamadamdev,bypass-paywalls-chrome,21800,https://github.com/iamadamdev/bypass-paywalls-chrome
refined-github,refined-github,16700,https://github.com/refined-github/refined-github
checkly,headless-recorder,13900,https://github.com/checkly/headless-recorder
darkreader,darkreader,12800,https://github.com/darkreader/darkreader
unbug,codelf,12200,https://github.com/unbug/codelf
crimx,ext-saladict,8600,https://github.com/crimx/ext-saladict
listen1,listen1_chrome_extension,8100,https://github.com/listen1/listen1_chrome_extension
Anarios,return-youtube-dislike,8000,https://github.com/Anarios/return-youtube-dislike
appbaseio,dejavu,7600,https://github.com/appbaseio/dejavu
alyssaxuu,screenity,6500,https://github.com/alyssaxuu/screenity
Kenshin,simpread,5500,https://github.com/Kenshin/simpread
dailydotdev,daily,5400,https://github.com/dailydotdev/daily
gildas-lormeau,SingleFile,4600,https://github.com/gildas-lormeau/SingleFile
manojVivek,medium-unlimited,4600,https://github.com/manojVivek/medium-unlimited
dessant,buster,4400,https://github.com/dessant/buster
zxlie,FeHelper,3900,https://github.com/zxlie/FeHelper
ajayyy,SponsorBlock,3900,https://github.com/ajayyy/SponsorBlock
altair-graphql,altair,3900,https://github.com/altair-graphql/altair
webclipper,web-clipper,3800,https://github.com/webclipper/web-clipper
openstyles,stylus,3700,https://github.com/openstyles/stylus
bilibili-helper,bilibili-helper-o,3700,https://github.com/bilibili-helper/bilibili-helper-o
dejan,rails_panel,3700,https://github.com/dejan/rails_panel
lmk123,crx-selection-translate,3600,https://github.com/lmk123/crx-selection-translate
KartikTalwar,gmail.js,3500,https://github.com/KartikTalwar/gmail.js
WorldBrain,Memex,3400,https://github.com/WorldBrain/Memex
honestbleeps,Reddit-Enhancement-Suite,3400,https://github.com/honestbleeps/Reddit-Enhancement-Suite
Kholid060,automa,3300,https://github.com/Kholid060/automa
vinta,pangu.js,3300,https://github.com/vinta/pangu.js
sunoj,jjb,3100,https://github.com/sunoj/jjb
EmailThis,extension-boilerplate,3000,https://github.com/EmailThis/extension-boilerplate
