username,repo_name,stars,repo_url
GetStream,vg,1200,https://github.com/GetStream/vg
ehmicky,nve,543,https://github.com/ehmicky/nve
coenjacobs,mozart,313,https://github.com/coenjacobs/mozart
thoth-station,micropipenv,142,https://github.com/thoth-station/micropipenv
netlify,framework-info,103,https://github.com/netlify/framework-info
aaronpeikert,reproducible-research,102,https://github.com/aaronpeikert/reproducible-research
pichillilorenzo,deps-report,81,https://github.com/pichillilorenzo/deps-report
stempler,bnd-platform,74,https://github.com/stempler/bnd-platform
silverwind,updates,69,https://github.com/silverwind/updates
momosecurity,mosec-maven-plugin,62,https://github.com/momosecurity/mosec-maven-plugin
ewohltman,graphdot,45,https://github.com/ewohltman/graphdot
kevcodez,gradle-upgrade-interactive,44,https://github.com/kevcodez/gradle-upgrade-interactive
depscloud,depscloud,38,https://github.com/depscloud/depscloud
fkorotkov,gradle-libraries-plugin,29,https://github.com/fkorotkov/gradle-libraries-plugin
ehmicky,get-bin-path,25,https://github.com/ehmicky/get-bin-path
pilosus,pip-license-checker,25,https://github.com/pilosus/pip-license-checker
ecoAPM,dotnet-libyear,24,https://github.com/ecoAPM/dotnet-libyear
nikhil-thakkar,multi-module-dependency-setup,22,https://github.com/nikhil-thakkar/multi-module-dependency-setup
momosecurity,mosec-gradle-plugin,21,https://github.com/momosecurity/mosec-gradle-plugin
ehmicky,nvexeca,20,https://github.com/ehmicky/nvexeca
momosecurity,mosec-composer-plugin,19,https://github.com/momosecurity/mosec-composer-plugin
subelsky,dim,18,https://github.com/subelsky/dim
MarcoEidinger,swift-package-dependencies-check,18,https://github.com/MarcoEidinger/swift-package-dependencies-check
momosecurity,mosec-pip-plugin,18,https://github.com/momosecurity/mosec-pip-plugin
scalacenter,sbt-eviction-rules,17,https://github.com/scalacenter/sbt-eviction-rules
saadmk11,github-actions-version-updater,17,https://github.com/saadmk11/github-actions-version-updater
momosecurity,mosec-node-plugin,15,https://github.com/momosecurity/mosec-node-plugin
ehmicky,get-node,14,https://github.com/ehmicky/get-node
pilosus,action-pip-license-checker,13,https://github.com/pilosus/action-pip-license-checker
mikroskeem,PicoMaven,7,https://github.com/mikroskeem/PicoMaven
