username,repo_name,stars,repo_url
goldbergyoni,nodebestpractices,74200,https://github.com/goldbergyoni/nodebestpractices
expressjs,express,55800,https://github.com/expressjs/express
jaredhanson,passport,19700,https://github.com/jaredhanson/passport
gofiber,fiber,17900,https://github.com/gofiber/fiber
nswbmw,N-blog,15100,https://github.com/nswbmw/N-blog
goldbergyoni,javascript-testing-best-practices,14300,https://github.com/goldbergyoni/javascript-testing-best-practices
apollographql,apollo-server,12300,https://github.com/apollographql/apollo-server
linnovate,mean,12100,https://github.com/linnovate/mean
bailicangdu,node-elm,11300,https://github.com/bailicangdu/node-elm
graphile,postgraphile,11000,https://github.com/graphile/postgraphile
microsoft,TypeScript-Node-Starter,10200,https://github.com/microsoft/TypeScript-Node-Starter
aui,art-template,9600,https://github.com/aui/art-template
chimurai,http-proxy-middleware,8800,https://github.com/chimurai/http-proxy-middleware
HabitRPG,habitica,8800,https://github.com/HabitRPG/habitica
GetStream,Winds,8500,https://github.com/GetStream/Winds
expressjs,morgan,6800,https://github.com/expressjs/morgan
chyingp,nodejs-learning-guide,6400,https://github.com/chyingp/nodejs-learning-guide
any86,any-rule,5800,https://github.com/any86/any-rule
express-validator,express-validator,5300,https://github.com/express-validator/express-validator
madhums,node-express-mongoose-demo,5000,https://github.com/madhums/node-express-mongoose-demo
santiq,bulletproof-nodejs,4400,https://github.com/santiq/bulletproof-nodejs
vendia,serverless-express,4300,https://github.com/vendia/serverless-express
clintonwoo,hackernews-react-graphql,4200,https://github.com/clintonwoo/hackernews-react-graphql
azat-co,practicalnode,3700,https://github.com/azat-co/practicalnode
jonasstrehle,supercookie,3700,https://github.com/jonasstrehle/supercookie
hagopj13,node-express-boilerplate,3600,https://github.com/hagopj13/node-express-boilerplate
simov,grant,3500,https://github.com/simov/grant
RafalWilinski,express-status-monitor,3300,https://github.com/RafalWilinski/express-status-monitor
jaredhanson,oauth2orize,3300,https://github.com/jaredhanson/oauth2orize
biaochenxuying,blog,3300,https://github.com/biaochenxuying/blog
