username,repo_name,stars,repo_url
vuejs,vue,193000,https://github.com/vuejs/vue
facebook,react,182000,https://github.com/facebook/react
thedaviddias,Front-End-Checklist,57900,https://github.com/thedaviddias/Front-End-Checklist
ionic-team,ionic-framework,46300,https://github.com/ionic-team/ionic-framework
vitejs,vite,36900,https://github.com/vitejs/vite
dypsilon,frontend-dev-bookmarks,33100,https://github.com/dypsilon/frontend-dev-bookmarks
xitu,gold-miner,30100,https://github.com/xitu/gold-miner
LeCoupa,awesome-cheatsheets,26600,https://github.com/LeCoupa/awesome-cheatsheets
iview,iview,23900,https://github.com/iview/iview
haizlin,fe-interview,19900,https://github.com/haizlin/fe-interview
ascoders,weekly,17900,https://github.com/ascoders/weekly
vueComponent,ant-design-vue,16000,https://github.com/vueComponent/ant-design-vue
nhn,tui.editor,14200,https://github.com/nhn/tui.editor
thedaviddias,Front-End-Performance-Checklist,14000,https://github.com/thedaviddias/Front-End-Performance-Checklist
tachyons-css,tachyons,11100,https://github.com/tachyons-css/tachyons
marko-js,marko,10900,https://github.com/marko-js/marko
baidu,amis,9800,https://github.com/baidu/amis
nhn,tui.calendar,9600,https://github.com/nhn/tui.calendar
mdbootstrap,material-design-for-bootstrap,9500,https://github.com/mdbootstrap/material-design-for-bootstrap
marmelab,gremlins.js,8800,https://github.com/marmelab/gremlins.js
mdbootstrap,perfect-scrollbar,8600,https://github.com/mdbootstrap/perfect-scrollbar
moklick,frontend-stuff,8400,https://github.com/moklick/frontend-stuff
cs01,gdbgui,8400,https://github.com/cs01/gdbgui
tiangolo,full-stack-fastapi-postgresql,8000,https://github.com/tiangolo/full-stack-fastapi-postgresql
NG-ZORRO,ng-zorro-antd,7900,https://github.com/NG-ZORRO/ng-zorro-antd
helloqingfeng,Awsome-Front-End-learning-resource,7900,https://github.com/helloqingfeng/Awsome-Front-End-learning-resource
phodal,growth-ebook,7400,https://github.com/phodal/growth-ebook
bencodezen,vue-enterprise-boilerplate,7400,https://github.com/bencodezen/vue-enterprise-boilerplate
marionettejs,backbone.marionette,7100,https://github.com/marionettejs/backbone.marionette
zeroclipboard,zeroclipboard,6600,https://github.com/zeroclipboard/zeroclipboard
