username,repo_name,stars,repo_url
strapi,strapi,42800,https://github.com/strapi/strapi
koajs,koa,32200,https://github.com/koajs/koa
eggjs,egg,17700,https://github.com/eggjs/egg
apollographql,apollo-server,12300,https://github.com/apollographql/apollo-server
graphile,postgraphile,11000,https://github.com/graphile/postgraphile
aui,art-template,9600,https://github.com/aui/art-template
r-spacex,SpaceX-API,9000,https://github.com/r-spacex/SpaceX-API
chenshenhai,koa2-note,4800,https://github.com/chenshenhai/koa2-note
berwin,Blog,3800,https://github.com/berwin/Blog
simov,grant,3500,https://github.com/simov/grant
ladjs,lad,2100,https://github.com/ladjs/lad
animir,node-rate-limiter-flexible,2000,https://github.com/animir/node-rate-limiter-flexible
tsedio,tsed,2000,https://github.com/tsedio/tsed
ianstormtaylor,permit,1700,https://github.com/ianstormtaylor/permit
lfb,nodejs-koa-blog,1400,https://github.com/lfb/nodejs-koa-blog
xiongwilee,Gracejs,1300,https://github.com/xiongwilee/Gracejs
dongyuanxin,blog,1300,https://github.com/dongyuanxin/blog
jaydenseric,graphql-upload,1200,https://github.com/jaydenseric/graphql-upload
mengsixing,cdfang-spider,1200,https://github.com/mengsixing/cdfang-spider
i5ting,koa-generator,963,https://github.com/i5ting/koa-generator
microzz,vue-chat,923,https://github.com/microzz/vue-chat
demopark,koa-docs-Zh-CN,896,https://github.com/demopark/koa-docs-Zh-CN
javieraviles,node-typescript-koa-rest,865,https://github.com/javieraviles/node-typescript-koa-rest
koajs,session,862,https://github.com/koajs/session
ream,deprecated,853,https://github.com/ream/deprecated
graphql-community,koa-graphql,818,https://github.com/graphql-community/koa-graphql
lanzhsh,react-vue-koa,793,https://github.com/lanzhsh/react-vue-koa
rkusa,koa-passport,759,https://github.com/rkusa/koa-passport
Molunerfinn,vue-koa-demo,749,https://github.com/Molunerfinn/vue-koa-demo
cabinjs,cabin,745,https://github.com/cabinjs/cabin
