username,repo_name,stars,repo_url
jekyll,jekyll,44000,https://github.com/jekyll/jekyll
prettier,prettier,41700,https://github.com/prettier/prettier
Textualize,rich,34400,https://github.com/Textualize/rich
marktext,marktext,28700,https://github.com/marktext/marktext
markedjs,marked,26800,https://github.com/markedjs/marked
jgm,pandoc,24600,https://github.com/jgm/pandoc
docsifyjs,docsify,19700,https://github.com/docsifyjs/docsify
notable,notable,19100,https://github.com/notable/notable
benweet,stackedit,18900,https://github.com/benweet/stackedit
Requarks,wiki,15200,https://github.com/Requarks/wiki
nhn,tui.editor,14200,https://github.com/nhn/tui.editor
erusev,parsedown,14000,https://github.com/erusev/parsedown
mkdocs,mkdocs,13500,https://github.com/mkdocs/mkdocs
getgrav,grav,13100,https://github.com/getgrav/grav
markdown-it,markdown-it,12900,https://github.com/markdown-it/markdown-it
showdownjs,showdown,12200,https://github.com/showdownjs/showdown
mdx-js,mdx,12200,https://github.com/mdx-js/mdx
pandao,editor.md,11800,https://github.com/pandao/editor.md
gnab,remark,11700,https://github.com/gnab/remark
foambubble,foam,11400,https://github.com/foambubble/foam
sparanoid,chinese-copywriting-guidelines,10800,https://github.com/sparanoid/chinese-copywriting-guidelines
jxnblk,mdx-deck,10500,https://github.com/jxnblk/mdx-deck
ksky521,nodeppt,9600,https://github.com/ksky521/nodeppt
logseq,logseq,9500,https://github.com/logseq/logseq
stylelint,stylelint,9400,https://github.com/stylelint/stylelint
haiwen,seafile,9300,https://github.com/haiwen/seafile
vnotex,vnote,8900,https://github.com/vnotex/vnote
MacDownApp,macdown,8900,https://github.com/MacDownApp/macdown
typecho,typecho,8500,https://github.com/typecho/typecho
remarkjs,react-markdown,8200,https://github.com/remarkjs/react-markdown
