username,repo_name,stars,repo_url
photonstorm,phaser,31200,https://github.com/photonstorm/phaser
nicholas-ochoa,OpenSC2K,4800,https://github.com/nicholas-ochoa/OpenSC2K
ssusnic,Machine-Learning-Flappy-Bird,1700,https://github.com/ssusnic/Machine-Learning-Flappy-Bird
photonstorm,phaser-examples,1700,https://github.com/photonstorm/phaser-examples
channingbreeze,games,1300,https://github.com/channingbreeze/games
lean,phaser-es6-webpack,1300,https://github.com/lean/phaser-es6-webpack
photonstorm,phaser-ce,1200,https://github.com/photonstorm/phaser-ce
digitsensitive,phaser3-typescript,766,https://github.com/digitsensitive/phaser3-typescript
oklemenz,PrinceJS,725,https://github.com/oklemenz/PrinceJS
DragonBones,DragonBonesJS,656,https://github.com/DragonBones/DragonBonesJS
lifenautjoe,webpack-starter-basic,576,https://github.com/lifenautjoe/webpack-starter-basic
enable3d,enable3d,532,https://github.com/enable3d/enable3d
odrick,free-tex-packer,475,https://github.com/odrick/free-tex-packer
jondubois,iogrid,463,https://github.com/jondubois/iogrid
rroylance,phaser-ce-npm-webpack-typescript-starter-project,413,https://github.com/rroylance/phaser-ce-npm-webpack-typescript-starter-project
ganlvtech,phaser-catch-the-cat,389,https://github.com/ganlvtech/phaser-catch-the-cat
photonstorm,phaser3-docs,363,https://github.com/photonstorm/phaser3-docs
balajmarius,commit4,336,https://github.com/balajmarius/commit4
Jerenaux,phaserquest,331,https://github.com/Jerenaux/phaserquest
kevinshen56714,SkyOffice,276,https://github.com/kevinshen56714/SkyOffice
photonstorm,phaser3-typescript-project-template,270,https://github.com/photonstorm/phaser3-typescript-project-template
yandeu,phaser-project-template,266,https://github.com/yandeu/phaser-project-template
julien,generator-phaser,256,https://github.com/julien/generator-phaser
mikewesthad,navmesh,236,https://github.com/mikewesthad/navmesh
jsfehler,phaser-ui-tools,211,https://github.com/jsfehler/phaser-ui-tools
phaserjs,phaser,208,https://github.com/phaserjs/phaser
damian-pastorini,reldens,205,https://github.com/damian-pastorini/reldens
proyecto26,ion-phaser,203,https://github.com/proyecto26/ion-phaser
expo,expo-phaser,200,https://github.com/expo/expo-phaser
azerion,phaser-input,193,https://github.com/azerion/phaser-input
