username,repo_name,stars,repo_url
aseprite,aseprite,16100,https://github.com/aseprite/aseprite
piskelapp,piskel,8200,https://github.com/piskelapp/piskel
gelstudios,gitfiti,6800,https://github.com/gelstudios/gitfiti
dicebear,dicebear,3600,https://github.com/dicebear/dicebear
jvalen,pixel-art-react,3600,https://github.com/jvalen/pixel-art-react
Orama-Interactive,Pixelorama,2700,https://github.com/Orama-Interactive/Pixelorama
javierbyte,img2css,2400,https://github.com/javierbyte/img2css
nosir,obelisk.js,2200,https://github.com/nosir/obelisk.js
cloudhead,rx,2100,https://github.com/cloudhead/rx
LibreSprite,LibreSprite,2100,https://github.com/LibreSprite/LibreSprite
vsmode,pixel8,1300,https://github.com/vsmode/pixel8
pravj,geopattern,1200,https://github.com/pravj/geopattern
Annihil,github-spray,1000,https://github.com/Annihil/github-spray
JannisX11,blockbench,940,https://github.com/JannisX11/blockbench
mitchcurtis,slate,825,https://github.com/mitchcurtis/slate
rgab1508,PixelCraft,689,https://github.com/rgab1508/PixelCraft
Siilwyn,awesome-pixel-art,645,https://github.com/Siilwyn/awesome-pixel-art
cxong,cdogs-sdl,560,https://github.com/cxong/cdogs-sdl
d-zone-org,d-zone,524,https://github.com/d-zone-org/d-zone
dylanaraps,pxltrm,522,https://github.com/dylanaraps/pxltrm
fishfight,FishFight,468,https://github.com/fishfight/FishFight
lastguest,pixeler,462,https://github.com/lastguest/pixeler
cmilr,Unity2D-Components,423,https://github.com/cmilr/Unity2D-Components
lospec,pixel-editor,391,https://github.com/lospec/pixel-editor
PixiEditor,PixiEditor,364,https://github.com/PixiEditor/PixiEditor
giventofly,pixelit,339,https://github.com/giventofly/pixelit
pixelartexchange,pixelart-howto,318,https://github.com/pixelartexchange/pixelart-howto
CytopiaTeam,Cytopia,314,https://github.com/CytopiaTeam/Cytopia
Erfaniaa,text-to-commit-history,302,https://github.com/Erfaniaa/text-to-commit-history
mfrashad,text2art,278,https://github.com/mfrashad/text2art
