username,repo_name,stars,repo_url
twbs,ratchet,14500,https://github.com/twbs/ratchet
ratchetphp,Ratchet,5600,https://github.com/ratchetphp/Ratchet
interference-security,DVWS,276,https://github.com/interference-security/DVWS
amirsanni,Video-Call-App,189,https://github.com/amirsanni/Video-Call-App
kishor10d,CodeIgniter-Ratchet-Websocket,92,https://github.com/kishor10d/CodeIgniter-Ratchet-Websocket
joni-jones,yii2-wschat,90,https://github.com/joni-jones/yii2-wschat
Koleok,jest-coverage-ratchet,38,https://github.com/Koleok/jest-coverage-ratchet
takielias,codeigniter-websocket,31,https://github.com/takielias/codeigniter-websocket
amirsanni,conference-call-ratchet,30,https://github.com/amirsanni/conference-call-ratchet
iamvery,ratchet,27,https://github.com/iamvery/ratchet
durgesh-sahani,chatroom-php-mysql-ratchet,23,https://github.com/durgesh-sahani/chatroom-php-mysql-ratchet
johnnymast,mysql_websocket_chat,19,https://github.com/johnnymast/mysql_websocket_chat
issotina,WebSocketAndroidClient,17,https://github.com/issotina/WebSocketAndroidClient
KennedyTedesco,websocket-demo,12,https://github.com/KennedyTedesco/websocket-demo
ihaolin,react-ratchet-gulp,12,https://github.com/ihaolin/react-ratchet-gulp
gomoob,php-websocket-server,9,https://github.com/gomoob/php-websocket-server
ad3n,RatchetBundle,9,https://github.com/ad3n/RatchetBundle
Googleton,RatchetAndClankMod,8,https://github.com/Googleton/RatchetAndClankMod
calcinai,phpi-websocket,8,https://github.com/calcinai/phpi-websocket
random-coding,php-websocket,6,https://github.com/random-coding/php-websocket
calcinai,bolt,6,https://github.com/calcinai/bolt
dcassoli,chat-vue,5,https://github.com/dcassoli/chat-vue
fxcosta,ratchet-chat,5,https://github.com/fxcosta/ratchet-chat
farskid,cordova-react-redux-boilerplate,5,https://github.com/farskid/cordova-react-redux-boilerplate
SodingMy,com.intellij.cordova.todolist,5,https://github.com/SodingMy/com.intellij.cordova.todolist
groovili,socket-chat,5,https://github.com/groovili/socket-chat
hdogan,phpkonf-2015-demos,5,https://github.com/hdogan/phpkonf-2015-demos
kanjih,ratchet,5,https://github.com/kanjih/ratchet
qantik,ratcheted,4,https://github.com/qantik/ratcheted
VirgilSecurity,virgil-cryptowrapper-x,3,https://github.com/VirgilSecurity/virgil-cryptowrapper-x
