username,repo_name,stars,repo_url
CodeHubApp,CodeHub,23300,https://github.com/CodeHubApp/CodeHub
reactiveui,ReactiveUI,6800,https://github.com/reactiveui/ReactiveUI
skatejs,skatejs,3200,https://github.com/skatejs/skatejs
chayxana,Restaurant-App,541,https://github.com/chayxana/Restaurant-App
Wouterdek,NodeNetwork,457,https://github.com/Wouterdek/NodeNetwork
wieslawsoltes,Dock,324,https://github.com/wieslawsoltes/Dock
worldbeater,Camelotia,291,https://github.com/worldbeater/Camelotia
TheEightBot,Reactive-Examples,212,https://github.com/TheEightBot/Reactive-Examples
reactiveui,ReactiveUI.Samples,194,https://github.com/reactiveui/ReactiveUI.Samples
SimpleStateMachine,SimpleStateMachineNodeEditor,143,https://github.com/SimpleStateMachine/SimpleStateMachineNodeEditor
sstorie,experiments,139,https://github.com/sstorie/experiments
reactiveui,ReactiveUI.Validation,133,https://github.com/reactiveui/ReactiveUI.Validation
worldbeater,ReactiveMvvm,111,https://github.com/worldbeater/ReactiveMvvm
reactiveui,Sextant,111,https://github.com/reactiveui/Sextant
845669495,WeChatClient,66,https://github.com/845669495/WeChatClient
ErogeHelper,ErogeHelper,64,https://github.com/ErogeHelper/ErogeHelper
Asesjix,ReactiveUI.Winforms.Samples,56,https://github.com/Asesjix/ReactiveUI.Winforms.Samples
dchaib,Caliburn.Micro.ReactiveUI,54,https://github.com/dchaib/Caliburn.Micro.ReactiveUI
wieslawsoltes,AvaloniaDockApplication,47,https://github.com/wieslawsoltes/AvaloniaDockApplication
khuong291,Binder,37,https://github.com/khuong291/Binder
lolo77777,OpenCVVision,28,https://github.com/lolo77777/OpenCVVision
reactiveui,website,25,https://github.com/reactiveui/website
DevsDNA,DevsDNA-Application,22,https://github.com/DevsDNA/DevsDNA-Application
vic,laminar_cycle,20,https://github.com/vic/laminar_cycle
Totopolis,Kamban,20,https://github.com/Totopolis/Kamban
Weingartner,ReactiveCompositeCollections,18,https://github.com/Weingartner/ReactiveCompositeCollections
NZSmartie,CoAPExplorer,14,https://github.com/NZSmartie/CoAPExplorer
antony,svelte-seed,14,https://github.com/antony/svelte-seed
aalmada,reactive-dev-days-lab,13,https://github.com/aalmada/reactive-dev-days-lab
TolikPylypchuk,Cineaste,13,https://github.com/TolikPylypchuk/Cineaste
