username,repo_name,stars,repo_url
justjavac,free-programming-books-zh_CN,86700,https://github.com/justjavac/free-programming-books-zh_CN
storybookjs,storybook,68500,https://github.com/storybookjs/storybook
enaqx,awesome-react,46700,https://github.com/enaqx/awesome-react
jondot,awesome-react-native,31000,https://github.com/jondot/awesome-react-native
NervJS,taro,30400,https://github.com/NervJS/taro
jaredpalmer,formik,29500,https://github.com/jaredpalmer/formik
dkhamsing,open-source-ios-apps,29200,https://github.com/dkhamsing/open-source-ios-apps
laurent22,joplin,27900,https://github.com/laurent22/joplin
typeorm,typeorm,27000,https://github.com/typeorm/typeorm
react-hook-form,react-hook-form,25700,https://github.com/react-hook-form/react-hook-form
react-native-elements,react-native-elements,21900,https://github.com/react-native-elements/react-native-elements
mattermost,mattermost-server,21800,https://github.com/mattermost/mattermost-server
vercel,swr,20900,https://github.com/vercel/swr
react-navigation,react-navigation,20800,https://github.com/react-navigation/react-navigation
necolas,react-native-web,19700,https://github.com/necolas/react-native-web
sudheerj,reactjs-interview-questions,18600,https://github.com/sudheerj/reactjs-interview-questions
GeekyAnts,NativeBase,17000,https://github.com/GeekyAnts/NativeBase
pubkey,rxdb,16900,https://github.com/pubkey/rxdb
oblador,react-native-vector-icons,15500,https://github.com/oblador/react-native-vector-icons
zulip,zulip,15100,https://github.com/zulip/zulip
lottie-react-native,lottie-react-native,14800,https://github.com/lottie-react-native/lottie-react-native
microsoft,react-native-windows,14400,https://github.com/microsoft/react-native-windows
feathersjs,feathers,13800,https://github.com/feathersjs/feathers
infinitered,ignite,13400,https://github.com/infinitered/ignite
infinitered,reactotron,13400,https://github.com/infinitered/reactotron
react-native-maps,react-native-maps,12900,https://github.com/react-native-maps/react-native-maps
expo,create-react-native-app,12900,https://github.com/expo/create-react-native-app
wix,react-native-navigation,12400,https://github.com/wix/react-native-navigation
danilowoz,react-content-loader,11900,https://github.com/danilowoz/react-content-loader
FaridSafi,react-native-gifted-chat,11400,https://github.com/FaridSafi/react-native-gifted-chat
