username,repo_name,stars,repo_url
huginn,huginn,34000,https://github.com/huginn/huginn
DIYgod,RSSHub,18500,https://github.com/DIYgod/RSSHub
GorvGoyl,Clone-Wars,12800,https://github.com/GorvGoyl/Clone-Wars
twintproject,twint,12400,https://github.com/twintproject/twint
tweepy,tweepy,8400,https://github.com/tweepy/tweepy
aritraroy,UltimateAndroidReference,7400,https://github.com/aritraroy/UltimateAndroidReference
maxbbraun,trump2cash,6100,https://github.com/maxbbraun/trump2cash
KurtBestor,Hitomi-Downloader,5700,https://github.com/KurtBestor/Hitomi-Downloader
getferdi,ferdi,4400,https://github.com/getferdi/ferdi
abraham,twitteroauth,4100,https://github.com/abraham/twitteroauth
optonaut,ActiveLabel.swift,4000,https://github.com/optonaut/ActiveLabel.swift
zedeus,nitter,3900,https://github.com/zedeus/nitter
kni-labs,rrssb,3400,https://github.com/kni-labs/rrssb
orakaro,rainbowstream,3400,https://github.com/orakaro/rainbowstream
hybridauth,hybridauth,3200,https://github.com/hybridauth/hybridauth
bisguzar,twitter-scraper,3100,https://github.com/bisguzar/twitter-scraper
mholt,timeliner,3000,https://github.com/mholt/timeliner
RipMeApp,ripme,2800,https://github.com/RipMeApp/ripme
x0rz,tweets_analyzer,2800,https://github.com/x0rz/tweets_analyzer
twitter,twitter-text,2600,https://github.com/twitter/twitter-text
TwidereProject,Twidere-Android,2500,https://github.com/TwidereProject/Twidere-Android
artesaos,seotools,2400,https://github.com/artesaos/seotools
lipp,login-with,2300,https://github.com/lipp/login-with
DavidBuchanan314,tweetable-polyglot-png,2200,https://github.com/DavidBuchanan314/tweetable-polyglot-png
megadose,holehe,2200,https://github.com/megadose/holehe
CharlesPikachu,DecryptLogin,1900,https://github.com/CharlesPikachu/DecryptLogin
J7mbo,twitter-api-php,1800,https://github.com/J7mbo/twitter-api-php
ellisonleao,sharer.js,1700,https://github.com/ellisonleao/sharer.js
klinker24,talon-twitter-holo,1700,https://github.com/klinker24/talon-twitter-holo
twitter,twurl,1600,https://github.com/twitter/twurl
