username,repo_name,stars,repo_url
vuejs,vue,193000,https://github.com/vuejs/vue
justjavac,free-programming-books-zh_CN,86700,https://github.com/justjavac/free-programming-books-zh_CN
PanJiaChen,vue-element-admin,73900,https://github.com/PanJiaChen/vue-element-admin
storybookjs,storybook,68500,https://github.com/storybookjs/storybook
ElemeFE,element,51600,https://github.com/ElemeFE/element
ionic-team,ionic-framework,46300,https://github.com/ionic-team/ionic-framework
prettier,prettier,41700,https://github.com/prettier/prettier
nuxt,nuxt.js,39300,https://github.com/nuxt/nuxt.js
bailicangdu,vue2-elm,37500,https://github.com/bailicangdu/vue2-elm
hoppscotch,hoppscotch,36100,https://github.com/hoppscotch/hoppscotch
dcloudio,uni-app,35600,https://github.com/dcloudio/uni-app
vuetifyjs,vuetify,33400,https://github.com/vuetifyjs/vuetify
NervJS,taro,30400,https://github.com/NervJS/taro
SheetJS,sheetjs,28900,https://github.com/SheetJS/sheetjs
marktext,marktext,28700,https://github.com/marktext/marktext
jeecgboot,jeecg-boot,27500,https://github.com/jeecgboot/jeecg-boot
vuejs,vuex,27300,https://github.com/vuejs/vuex
Advanced-Frontend,Daily-Interview-Question,24900,https://github.com/Advanced-Frontend/Daily-Interview-Question
iview,iview,23900,https://github.com/iview/iview
NativeScript,NativeScript,20800,https://github.com/NativeScript/NativeScript
Meituan-Dianping,mpvue,20400,https://github.com/Meituan-Dianping/mpvue
quasarframework,quasar,20400,https://github.com/quasarframework/quasar
haizlin,fe-interview,19900,https://github.com/haizlin/fe-interview
vuejs,vuepress,19900,https://github.com/vuejs/vuepress
docsifyjs,docsify,19700,https://github.com/docsifyjs/docsify
youzan,vant,19100,https://github.com/youzan/vant
vuejs,vue-router,18700,https://github.com/vuejs/vue-router
slidevjs,slidev,18100,https://github.com/slidevjs/slidev
airyland,vux,17600,https://github.com/airyland/vux
InterviewMap,CS-Interview-Knowledge-Map,17400,https://github.com/InterviewMap/CS-Interview-Knowledge-Map
