username,repo_name,stars,repo_url
wagtail,wagtail,11600,https://github.com/wagtail/wagtail
springload,awesome-wagtail,1500,https://github.com/springload/awesome-wagtail
wagtail,bakerydemo,547,https://github.com/wagtail/bakerydemo
springload,draftail,543,https://github.com/springload/draftail
APSL,puput,495,https://github.com/APSL/puput
coderedcorp,coderedcms,488,https://github.com/coderedcorp/coderedcms
JamesRamm,longclaw,318,https://github.com/JamesRamm/longclaw
AccordBox,wagtail-bootstrap-blog,306,https://github.com/AccordBox/wagtail-bootstrap-blog
rkhleics,wagtailmenus,294,https://github.com/rkhleics/wagtailmenus
wagtail,wagtaildemo,286,https://github.com/wagtail/wagtaildemo
dinoperovic,django-salesman,205,https://github.com/dinoperovic/django-salesman
tomdyson,wagalytics,198,https://github.com/tomdyson/wagalytics
cfpb,consumerfinance.gov,176,https://github.com/cfpb/consumerfinance.gov
torchbox,wagtailmedia,161,https://github.com/torchbox/wagtailmedia
Frojd,Wagtail-Pipit,141,https://github.com/Frojd/Wagtail-Pipit
wagtail,wagtail-localize,121,https://github.com/wagtail/wagtail-localize
GrappleGQL,wagtail-grapple,110,https://github.com/GrappleGQL/wagtail-grapple
Rawns,Reddit-Wallpaper-Changer,108,https://github.com/Rawns/Reddit-Wallpaper-Changer
wagtail,wagtailtrans,105,https://github.com/wagtail/wagtailtrans
wagtail,wagtail-personalisation,103,https://github.com/wagtail/wagtail-personalisation
Frojd,wagtail-geo-widget,95,https://github.com/Frojd/wagtail-geo-widget
torchbox,wagtail-torchbox,95,https://github.com/torchbox/wagtail-torchbox
torchbox,wagtail-experiments,90,https://github.com/torchbox/wagtail-experiments
labd,django-oscar-wagtail,84,https://github.com/labd/django-oscar-wagtail
wagtail,wagtail-condensedinlinepanel,82,https://github.com/wagtail/wagtail-condensedinlinepanel
openstax,openstax-cms,79,https://github.com/openstax/openstax-cms
tomdyson,wagtail-netlify,77,https://github.com/tomdyson/wagtail-netlify
neon-jungle,wagtail-birdsong,76,https://github.com/neon-jungle/wagtail-birdsong
wagtail,wagtail-react-streamfield,75,https://github.com/wagtail/wagtail-react-streamfield
marteinn,wagtail-alt-generator,73,https://github.com/marteinn/wagtail-alt-generator
