username,repo_name,stars,repo_url
wordplate,wordplate,1600,https://github.com/wordplate/wordplate
wordplate,extended-acf,286,https://github.com/wordplate/extended-acf
wordplate,plate,74,https://github.com/wordplate/plate
wordplate,framework,39,https://github.com/wordplate/framework
fiskhandlarn,blade,24,https://github.com/fiskhandlarn/blade
wordplate,mail,23,https://github.com/wordplate/mail
Levdbas,BasePlate,17,https://github.com/Levdbas/BasePlate
wordplate,wordplate.github.io,17,https://github.com/wordplate/wordplate.github.io
hoymultimedia,polylang,6,https://github.com/hoymultimedia/polylang
neone35,plumber123,5,https://github.com/neone35/plumber123
b4nghh,wordplate-boilerplate,3,https://github.com/b4nghh/wordplate-boilerplate
